{
  "train_loss": [
    0.10340295351833399,
    0.0027378756778106386,
    0.006793570868275741,
    0.003484142756956556,
    0.0002443088317369601,
    0.00023999084499480791,
    0.0002710250513413676,
    0.00019816493046451606,
    0.00015851716795479756,
    0.00020769116188028804,
    0.00013675658489151638,
    0.00019591828363206188,
    8.691290579583055e-05,
    0.0002025490830419585,
    9.250014859150581e-05,
    7.653337333498425e-05,
    0.00012896300397283324,
    0.00031177253118872423,
    0.016108225609825336,
    0.004017319158217441,
    0.000717083740853827,
    0.0002627972222207494,
    0.00010065825977347374,
    6.814671226158297e-05,
    0.00014308627549708994,
    6.69460031962157e-05,
    0.0001377259191749066,
    0.012693948126118477,
    0.00013988992213853635,
    0.00266911286675359,
    0.00014829962061699726,
    0.0003930197814808803,
    9.658008189274512e-05,
    0.0001918397072969176,
    0.0001283093099214296,
    4.4543903353961035e-05,
    0.00020987735172782682,
    7.000919733974642e-05,
    8.109267621062157e-05,
    0.00045729385477132284,
    6.403326618678158e-05,
    0.00010649308473818421,
    8.704057118417328e-05,
    6.623003862746133e-05,
    5.831899551068138e-05,
    9.22508428821426e-05,
    0.0009346192381551526,
    0.00014033208907149905,
    0.00011597646382716975,
    0.00016962236249558997
  ],
  "train_acc": [
    96.16666666666667,
    100.0,
    99.5,
    100.0,
    100.0,
    100.0,
    100.0,
    100.0,
    100.0,
    100.0,
    100.0,
    100.0,
    100.0,
    100.0,
    100.0,
    100.0,
    100.0,
    100.0,
    99.66666666666667,
    99.83333333333333,
    100.0,
    100.0,
    100.0,
    100.0,
    100.0,
    100.0,
    100.0,
    99.83333333333333,
    100.0,
    99.83333333333333,
    100.0,
    100.0,
    100.0,
    100.0,
    100.0,
    100.0,
    100.0,
    100.0,
    100.0,
    100.0,
    100.0,
    100.0,
    100.0,
    100.0,
    100.0,
    100.0,
    100.0,
    100.0,
    100.0,
    100.0
  ],
  "val_loss": [
    0.1852849764308255,
    4.3896149438332464e-05,
    1.0985960154872182e-05,
    8.832885071952708e-05,
    0.00017336711282137242,
    4.491471315161203e-05,
    3.700499626957983e-05,
    2.8628611816154597e-05,
    2.56665266773014e-05,
    2.6972302868288305e-05,
    2.2889491064186012e-05,
    2.6061789436713106e-05,
    2.4033682405531993e-05,
    2.3789725051564776e-05,
    2.3220388357003685e-05,
    2.3218817994730718e-05,
    2.4561479317765733e-05,
    2.2768670197891832e-05,
    8.411241555892813e-06,
    0.0027331045183999728,
    9.280028605548738e-05,
    2.2572574571792136e-05,
    2.0208895684366946e-05,
    1.9138397730880808e-05,
    1.9903046402185665e-05,
    1.8758030867167308e-05,
    1.914623968140835e-05,
    0.00010107939506030418,
    8.801902160820119e-05,
    0.0005492337206820402,
    6.752387603706953e-05,
    4.657936460716883e-05,
    2.8823852756575337e-05,
    3.6889636440288375e-05,
    3.115071166049395e-05,
    2.4333286043991776e-05,
    2.8358070458604122e-05,
    2.798941080216441e-05,
    2.5748834320295015e-05,
    4.369905228055646e-05,
    2.6976202590096937e-05,
    2.658175196158577e-05,
    2.9063834326255967e-05,
    2.4322308155732524e-05,
    2.6894614788225706e-05,
    2.7896837309526745e-05,
    3.318346889021708e-05,
    2.711816676693209e-05,
    2.918308784597014e-05,
    2.576689611918195e-05
  ],
  "val_acc": [
    100.0,
    100.0,
    100.0,
    100.0,
    100.0,
    100.0,
    100.0,
    100.0,
    100.0,
    100.0,
    100.0,
    100.0,
    100.0,
    100.0,
    100.0,
    100.0,
    100.0,
    100.0,
    100.0,
    100.0,
    100.0,
    100.0,
    100.0,
    100.0,
    100.0,
    100.0,
    100.0,
    100.0,
    100.0,
    100.0,
    100.0,
    100.0,
    100.0,
    100.0,
    100.0,
    100.0,
    100.0,
    100.0,
    100.0,
    100.0,
    100.0,
    100.0,
    100.0,
    100.0,
    100.0,
    100.0,
    100.0,
    100.0,
    100.0,
    100.0
  ]
}