{
  "train_loss": [
    0.40216334137049586,
    0.29425293356180193,
    0.262088752199303,
    0.2695444299416109,
    0.22303336669098248,
    0.20236507525498218,
    0.2320076110688123,
    0.19839305186813527,
    0.1971480357376012,
    0.15958923358808863,
    0.1557163715362549,
    0.16510619907216592,
    0.099194448009472,
    0.07319586111063307,
    0.06965432829985564,
    0.06328129636293107,
    0.04877904093485664,
    0.06540236158973792,
    0.06504840919409285,
    0.03372049451678653,
    0.021293301253833555,
    0.01973837892609564,
    0.026040827014631677,
    0.02266521815168248,
    0.01572185057342391,
    0.012850654002448374,
    0.01379673213602721,
    0.016637666322904723,
    0.010348432859014297,
    0.009302308137623847
  ],
  "train_acc": [
    82.84566838783707,
    88.00917957544463,
    90.13195639701664,
    89.95983935742971,
    90.99254159495123,
    92.19736087205966,
    90.59093516924843,
    92.31210556511762,
    93.0005737234653,
    93.51692484222605,
    94.09064830751578,
    93.63166953528399,
    96.61503155479059,
    97.18875502008032,
    97.64773379231211,
    97.877223178428,
    98.2788296041308,
    97.70510613884107,
    97.47561675272519,
    98.90992541594952,
    99.31153184165233,
    99.36890418818129,
    99.08204245553644,
    99.31153184165233,
    99.36890418818129,
    99.59839357429719,
    99.59839357429719,
    99.42627653471027,
    99.59839357429719,
    99.71313826735513
  ],
  "val_loss": [
    0.7187090123234635,
    0.2191946001135205,
    0.21271917733706927,
    0.38497986115123095,
    0.2648277922876571,
    0.3939140423225533,
    0.13843984803871104,
    0.11622920936267626,
    0.17161476272035783,
    0.16720377734715217,
    0.16659834213848962,
    0.1465924272411748,
    0.10452067656565066,
    0.07181030451810282,
    0.04946167345501875,
    0.05173419564227132,
    0.06878323241529104,
    0.10072923039919451,
    0.06461953910949983,
    0.05798565396597903,
    0.04919954264953144,
    0.06103311088717371,
    0.06759319329668008,
    0.06808409896621015,
    0.07663831193234441,
    0.06905566272785348,
    0.06005219616360448,
    0.06714209502579731,
    0.05044498114148155,
    0.04848917626881494
  ],
  "val_acc": [
    74.6268656716418,
    92.86898839137645,
    91.04477611940298,
    85.07462686567165,
    89.22056384742952,
    85.24046434494196,
    95.19071310116087,
    95.5223880597015,
    93.53233830845771,
    92.20563847429518,
    94.02985074626865,
    94.85903814262024,
    96.6832504145937,
    97.6782752902156,
    98.34162520729684,
    98.00995024875621,
    97.51243781094527,
    96.18573797678275,
    97.8441127694859,
    98.17578772802653,
    98.34162520729684,
    98.34162520729684,
    98.17578772802653,
    98.00995024875621,
    98.34162520729684,
    98.00995024875621,
    98.50746268656717,
    98.00995024875621,
    98.50746268656717,
    98.8391376451078
  ]
}